component,explained_variance_ratio,cumulative_variance_ratio
PC1,0.4839663396430999,0.4839663396430999
PC2,0.15487106650738586,0.6388374061504858
PC3,0.13841906276605376,0.7772564689165395
PC4,0.11410986311158305,0.8913663320281227
PC5,0.06024772914498047,0.9516140611731031
PC6,0.03297490058424672,0.9845889617573498
PC7,0.01541103824265016,0.9999999999999999
