component,explained_variance_ratio,cumulative_variance_ratio
PC1,0.37841142005466344,0.37841142005466344
PC2,0.17474888029730634,0.5531603003519698
PC3,0.16765070984109326,0.7208110101930632
PC4,0.1643754209572915,0.8851864311503547
PC5,0.07132599636261183,0.9565124275129665
PC6,0.043487572487033783,1.0000000000000002
