component,explained_variance_ratio,cumulative_variance_ratio
PC1,0.16679003886078086,0.16679003886078086
PC2,0.1426108736762078,0.30940091253698865
PC3,0.13985340638019952,0.44925431891718814
PC4,0.12740942377710449,0.5766637426942927
PC5,0.10910774083630741,0.6857714835306
PC6,0.08781899616177086,0.7735904796923709
PC7,0.0834399353357377,0.8570304150281086
PC8,0.07945652858510721,0.9364869436132158
PC9,0.06351305638678412,1.0
