component,explained_variance_ratio,cumulative_variance_ratio
PC1,0.4425859556317355,0.4425859556317355
PC2,0.25321254189460907,0.6957984975263445
PC3,0.18947020642920936,0.8852687039555538
PC4,0.08680880266422729,0.9720775066197811
PC5,0.014986137649414583,0.9870636442691957
PC6,0.011895790682794312,0.99895943495199
PC7,0.0010405650480099556,1.0
