component,explained_variance_ratio,cumulative_variance_ratio
PC1,0.358356804282431,0.358356804282431
PC2,0.22725406825747096,0.585610872539902
PC3,0.20294461908265812,0.7885554916225601
PC4,0.1649470087852564,0.9535025004078165
PC5,0.046497499592183474,1.0
PC6,3.128400178551306e-17,1.0
